{
  "version": 1,
  "author": "Pramidu Saumyajith",
  "editor": "wokwi",
  "parts": [
    { "type": "wokwi-breadboard", "id": "bb1", "top": 179.4, "left": -285.2, "attrs": {} },
    { "type": "wokwi-esp32-devkit-v1", "id": "esp", "top": -72.1, "left": 4.6, "attrs": {} },
    {
      "type": "wokwi-photoresistor-sensor",
      "id": "ldr1",
      "top": 38.1,
      "left": 196.1,
      "rotate": 90,
      "attrs": {}
    },
    {
      "type": "wokwi-photoresistor-sensor",
      "id": "ldr2",
      "top": 38.1,
      "left": -303.1,
      "rotate": 90,
      "attrs": {}
    },
    {
      "type": "wokwi-servo",
      "id": "servo1",
      "top": 351.4,
      "left": -143,
      "rotate": 90,
      "attrs": {}
    }
  ],
  "connections": [
    [ "esp:TX0", "$serialMonitor:RX", "", [] ],
    [ "esp:RX0", "$serialMonitor:TX", "", [] ],
    [ "esp:3V3", "bb1:tp.34", "red", [ "v0", "h38.1" ] ],
    [ "esp:GND.1", "bb1:tn.35", "black", [ "h0" ] ],
    [ "ldr1:VCC", "bb1:tp.48", "red", [ "v0" ] ],
    [ "ldr1:GND", "bb1:tn.47", "black", [ "v0" ] ],
    [ "ldr2:VCC", "bb1:tp.5", "red", [ "v0" ] ],
    [ "ldr2:GND", "bb1:tn.4", "black", [ "v0" ] ],
    [ "servo1:GND", "bb1:tn.1", "black", [ "v-19.2", "h28.8" ] ],
    [ "servo1:V+", "bb1:tp.1", "red", [ "v0" ] ],
    [ "ldr2:AO", "esp:D34", "green", [ "v19.2", "h96.7", "v-134.4" ] ],
    [ "ldr1:AO", "esp:D35", "green", [ "v19.2", "h-325.7", "v-124.8" ] ],
    [ "servo1:GND", "bb1:23b.i", "", [ "$bb" ] ],
    [ "servo1:V+", "bb1:22b.i", "", [ "$bb" ] ],
    [ "servo1:PWM", "bb1:21b.i", "", [ "$bb" ] ],
    [ "servo1:PWM", "esp:D25", "green", [ "v0" ] ]
  ],
  "dependencies": {}
}