{
  "version": 1,
  "author": "Uri Shaked",
  "editor": "wokwi",
  "parts": [
    { "type": "wokwi-breadboard", "id": "bb1", "top": 83.4, "left": -141.2, "attrs": {} },
    { "type": "wokwi-breadboard-half", "id": "bb2", "top": 83.4, "left": -467.6, "attrs": {} },
    { "type": "wokwi-esp32-devkit-v1", "id": "esp", "top": -196.9, "left": 62.2, "attrs": {} },
    {
      "type": "board-ssd1306",
      "id": "oled1",
      "top": 166.34,
      "left": 355.43,
      "attrs": { "i2cAddress": "0x3c" }
    },
    {
      "type": "wokwi-buzzer",
      "id": "bz1",
      "top": 79.2,
      "left": 193.8,
      "attrs": { "volume": "0.1" }
    },
    { "type": "wokwi-led", "id": "led1", "top": 121.2, "left": 90.2, "attrs": { "color": "red" } },
    {
      "type": "wokwi-resistor",
      "id": "r1",
      "top": 167.15,
      "left": 115.2,
      "attrs": { "value": "120" }
    },
    {
      "type": "wokwi-resistor",
      "id": "r2",
      "top": 167.15,
      "left": 230.4,
      "attrs": { "value": "100" }
    },
    {
      "type": "wokwi-pushbutton",
      "id": "btn1",
      "top": 175.8,
      "left": -12.6,
      "rotate": 90,
      "attrs": { "color": "red", "label": "CANCEL" }
    },
    {
      "type": "wokwi-resistor",
      "id": "r3",
      "top": 234.35,
      "left": -38.4,
      "attrs": { "value": "1000" }
    },
    {
      "type": "wokwi-pushbutton",
      "id": "btn2",
      "top": 166.2,
      "left": -214.2,
      "rotate": 90,
      "attrs": { "color": "green", "label": "DOWN" }
    },
    {
      "type": "wokwi-pushbutton",
      "id": "btn3",
      "top": 166.2,
      "left": -310.2,
      "rotate": 90,
      "attrs": { "color": "blue", "label": "OK/MENU" }
    },
    {
      "type": "wokwi-pushbutton",
      "id": "btn4",
      "top": 166.2,
      "left": -406.2,
      "rotate": 90,
      "attrs": { "color": "yellow", "label": "UP" }
    },
    {
      "type": "wokwi-resistor",
      "id": "r4",
      "top": 234.35,
      "left": -240,
      "attrs": { "value": "1000" }
    },
    {
      "type": "wokwi-resistor",
      "id": "r5",
      "top": 234.35,
      "left": -336,
      "attrs": { "value": "1000" }
    },
    {
      "type": "wokwi-resistor",
      "id": "r6",
      "top": 234.35,
      "left": -432,
      "attrs": { "value": "1000" }
    },
    {
      "type": "wokwi-dht22",
      "id": "dht1",
      "top": -306.9,
      "left": -91.8,
      "attrs": { "humidity": "64", "temperature": "29" }
    }
  ],
  "connections": [
    [ "esp:TX0", "$serialMonitor:RX", "", [] ],
    [ "esp:RX0", "$serialMonitor:TX", "", [] ],
    [ "esp:3V3", "bb1:tp.49", "red", [ "v0", "h287.7" ] ],
    [ "esp:GND.1", "bb1:tn.50", "black", [ "h297.3", "v-0.1" ] ],
    [ "bb1:54t.a", "bb1:tn.44", "black", [ "v0" ] ],
    [ "bb1:55t.a", "bb1:tp.45", "red", [ "v0" ] ],
    [ "bb1:57t.a", "esp:D21", "green", [ "v0" ] ],
    [ "bb1:56t.a", "esp:D22", "blue", [ "v0" ] ],
    [ "bb1:24t.e", "bb1:22t.e", "black", [ "v0" ] ],
    [ "bb1:22t.a", "bb1:tn.17", "black", [ "v0" ] ],
    [ "bb1:36t.e", "bb1:33t.e", "black", [ "v0" ] ],
    [ "bb1:33t.a", "bb1:tn.26", "black", [ "v0" ] ],
    [ "bb1:31t.a", "esp:D15", "green", [ "v0" ] ],
    [ "bb1:43t.a", "esp:D5", "green", [ "v0" ] ],
    [ "bb1:tp.50", "bb1:bp.50", "red", [ "v0.3", "h37.6", "v163.2" ] ],
    [ "bb1:tn.50", "bb1:bn.50", "black", [ "v-0.1", "h47.2", "v172.8" ] ],
    [ "bb1:9b.i", "bb1:bp.6", "red", [ "v0", "h-9.6", "v38.4" ] ],
    [ "btn1:2.l", "esp:D34", "green", [ "v0" ] ],
    [ "bb1:17t.a", "bb1:tn.13", "black", [ "v0" ] ],
    [ "bb1:bn.1", "bb2:bn.25", "black", [ "v0" ] ],
    [ "bb1:bp.1", "bb2:bp.25", "red", [ "v-0.9", "h-58.4" ] ],
    [ "bb1:tn.1", "bb2:tn.25", "black", [ "v0" ] ],
    [ "bb1:tp.1", "bb2:tp.25", "red", [ "v0.3", "h-58.4" ] ],
    [ "bb2:bp.1", "bb2:2b.i", "red", [ "v-39.3", "h1.6" ] ],
    [ "bb2:bp.10", "bb2:12b.i", "red", [ "v0" ] ],
    [ "bb2:bp.18", "bb2:22b.i", "red", [ "v0" ] ],
    [ "bb2:10t.a", "bb2:tn.8", "green", [ "v0" ] ],
    [ "bb2:20t.a", "bb2:tn.16", "green", [ "v0" ] ],
    [ "bb2:30t.a", "bb2:tn.25", "green", [ "v0" ] ],
    [ "esp:D35", "bb2:28t.a", "green", [ "h0" ] ],
    [ "esp:D32", "bb2:18t.a", "blue", [ "h0" ] ],
    [ "esp:D33", "bb2:8t.a", "gold", [ "h0" ] ],
    [ "dht1:VCC", "bb1:tp.4", "red", [ "v0" ] ],
    [ "dht1:GND", "bb1:tn.6", "black", [ "v0" ] ],
    [ "dht1:SDA", "esp:D12", "green", [ "v0" ] ],
    [ "btn2:1.l", "bb2:30t.d", "", [ "$bb" ] ],
    [ "btn2:2.l", "bb2:28t.d", "", [ "$bb" ] ],
    [ "btn2:1.r", "bb2:30b.i", "", [ "$bb" ] ],
    [ "btn2:2.r", "bb2:28b.i", "", [ "$bb" ] ],
    [ "btn3:1.l", "bb2:20t.d", "", [ "$bb" ] ],
    [ "btn3:2.l", "bb2:18t.d", "", [ "$bb" ] ],
    [ "btn3:1.r", "bb2:20b.i", "", [ "$bb" ] ],
    [ "btn3:2.r", "bb2:18b.i", "", [ "$bb" ] ],
    [ "btn4:1.l", "bb2:10t.d", "", [ "$bb" ] ],
    [ "btn4:2.l", "bb2:8t.d", "", [ "$bb" ] ],
    [ "btn4:1.r", "bb2:10b.i", "", [ "$bb" ] ],
    [ "btn4:2.r", "bb2:8b.i", "", [ "$bb" ] ],
    [ "r4:1", "bb2:22b.j", "", [ "$bb" ] ],
    [ "r4:2", "bb2:28b.j", "", [ "$bb" ] ],
    [ "r5:1", "bb2:12b.j", "", [ "$bb" ] ],
    [ "r5:2", "bb2:18b.j", "", [ "$bb" ] ],
    [ "r6:1", "bb2:2b.j", "", [ "$bb" ] ],
    [ "r6:2", "bb2:8b.j", "", [ "$bb" ] ],
    [ "bz1:1", "bb1:36t.d", "", [ "$bb" ] ],
    [ "bz1:2", "bb1:37t.d", "", [ "$bb" ] ],
    [ "led1:A", "bb1:25t.d", "", [ "$bb" ] ],
    [ "led1:C", "bb1:24t.d", "", [ "$bb" ] ],
    [ "r1:1", "bb1:25t.e", "", [ "$bb" ] ],
    [ "r1:2", "bb1:31t.e", "", [ "$bb" ] ],
    [ "r2:1", "bb1:37t.e", "", [ "$bb" ] ],
    [ "r2:2", "bb1:43t.e", "", [ "$bb" ] ],
    [ "btn1:1.l", "bb1:17t.e", "", [ "$bb" ] ],
    [ "btn1:2.l", "bb1:15t.e", "", [ "$bb" ] ],
    [ "btn1:1.r", "bb1:17b.j", "", [ "$bb" ] ],
    [ "btn1:2.r", "bb1:15b.j", "", [ "$bb" ] ],
    [ "r3:1", "bb1:9b.j", "", [ "$bb" ] ],
    [ "r3:2", "bb1:15b.j", "", [ "$bb" ] ],
    [ "oled1:GND", "bb1:54t.e", "", [ "$bb" ] ],
    [ "oled1:VCC", "bb1:55t.e", "", [ "$bb" ] ],
    [ "oled1:SCL", "bb1:56t.e", "", [ "$bb" ] ],
    [ "oled1:SDA", "bb1:57t.e", "", [ "$bb" ] ]
  ],
  "dependencies": {}
}